{"cameraMode":{"drawMode":0,"name":"Shaded","section":"Shading Mode"},"sceneLighting":false,"audioPlay":false,"sceneViewState":{"m_AlwaysRefresh":false,"showFog":true,"showSkybox":false,"showFlares":true,"showImageEffects":true,"showParticleSystems":true,"showVisualEffectGraphs":true,"m_FxEnabled":true},"in2DMode":false,"pivot":{"x":-0.000011444091796875,"y":24.78813362121582,"z":-0.48744869232177737},"rotation":{"x":0.3721372187137604,"y":0.06259613484144211,"z":-0.025154996663331987,"w":0.9257645010948181},"size":41.35087585449219,"orthographic":false}